{"train_loss": [0.5160929429882035, 0.3775122713449542, 0.3000160692598384, 0.22711733755493083, 0.14440585162355807], "val_loss": [0.4145559527159249, 0.8354118180369995, 0.4621000578202948, 0.5706496921959175, 0.7287991083270359], "train_protest_loss": [0.34502449130187623, 0.2528639289383982, 0.19030873131861453, 0.13223446470488814, 0.06572240107136208], "val_protest_loss": [0.28271478198430994, 0.6248124451742716, 0.3296788414343723, 0.4249161816907128, 0.5600318072470851], "train_attributes_loss": [0.1505372478623527, 0.11337847175457587, 0.10124072354379442, 0.08882578895380164, 0.07526033110254036], "val_attributes_loss": [0.11921186080633928, 0.19716089590812833, 0.11918943899541022, 0.13236661284382276, 0.15528435791422096], "train_violence_loss": [0.0256640036577974, 0.014087336837971365, 0.010583267850455495, 0.0075713552250851355, 0.004278899413733228], "val_violence_loss": [0.015786635365837416, 0.016798096045477065, 0.016539721106951275, 0.016708620645866562, 0.016853678557448605], "train_protest_acc": [0.8479377491567004, 0.8965041398344066, 0.9261346212818153, 0.9549601349279362, 0.9793391597669426], "val_protest_acc": [0.8790433849455772, 0.8847156216464817, 0.8845623179518627, 0.8916142879043385, 0.8919208952935765], "train_attributes_acc": [0.9493291934989267, 0.958869978534192, 0.9627798221404477, 0.9677476234283962, 0.97188745783502], "val_attributes_acc": [0.9556185804077878, 0.9569676529204354, 0.9579641269354592, 0.9575961980683735, 0.9589606009504829], "train_violence_mse": [0.0256640036577974, 0.014087336837971365, 0.010583267850455495, 0.0075713552250851355, 0.004278899413733228], "val_violence_mse": [0.015786635363838564, 0.016798096043192663, 0.016539721106951275, 0.016708620645366847, 0.01685367855602085]}